{
  "project_info": {
    "project_number": "1048926524465",
    "firebase_url": "https://nutritiontracker-be14d.firebaseio.com",
    "project_id": "nutritiontracker-be14d",
    "storage_bucket": "nutritiontracker-be14d.appspot.com"
  },
  "client": [
    {
      "client_info": {
        "mobilesdk_app_id": "1:1048926524465:android:8e41fffd5985cf59",
        "android_client_info": {
          "package_name": "com.cs1530.nutritiontracker"
        }
      },
      "oauth_client": [
        {
          "client_id": "1048926524465-adlmvlr8ort6lcv5fofp3e6aqlt4b5me.apps.googleusercontent.com",
          "client_type": 1,
          "android_info": {
            "package_name": "com.cs1530.nutritiontracker",
            "certificate_hash": "07e761d5d207ae8b612194f5594c855993680a5f"
          }
        },
        {
          "client_id": "1048926524465-j196pa03bfdpgbq7eorp1fmfstmj25u7.apps.googleusercontent.com",
          "client_type": 1,
          "android_info": {
            "package_name": "com.cs1530.nutritiontracker",
            "certificate_hash": "009c64ea053d777f6498fd363c0fd48a10cc9b04"
          }
        },
        {
          "client_id": "1048926524465-sg1q64upt1rbgv9hticc3g2266e63j29.apps.googleusercontent.com",
          "client_type": 3
        }
      ],
      "api_key": [
        {
          "current_key": "AIzaSyDcJRzIixqHWFo8llDEXxu4RXa9sxoOI8I"
        }
      ],
      "services": {
        "analytics_service": {
          "status": 1
        },
        "appinvite_service": {
          "status": 2,
          "other_platform_oauth_client": [
            {
              "client_id": "1048926524465-sg1q64upt1rbgv9hticc3g2266e63j29.apps.googleusercontent.com",
              "client_type": 3
            },
            {
              "client_id": "1048926524465-ji46fkppvidm43hqsjteg2mouj7uj465.apps.googleusercontent.com",
              "client_type": 2,
              "ios_info": {
                "bundle_id": "com.cs1530.nutritionTracker"
              }
            }
          ]
        },
        "ads_service": {
          "status": 2
        }
      }
    }
  ],
  "configuration_version": "1"
}